model,roc_auc_cv_mean,roc_auc_cv_std,pr_auc_cv_mean,pr_auc_cv_std,roc_auc_holdout,log_loss_holdout,brier_holdout,accuracy_holdout
LogisticRegression+Calibrated,0.9951388888888889,0.00887966100871139,0.9785468235468237,0.039778775130261596,0.99,0.1531022813912765,0.04708595447243137,0.96
GradientBoosting,0.970486111111111,0.03270162410547531,0.9229298555475026,0.05412625506226543,0.9755555555555555,0.22746255993151593,0.050183933033160946,0.9466666666666667
